<?xml version="1.0" encoding="UTF-8"?>
<metadata xml:lang="en"><Esri><CreaDate>20110503</CreaDate><CreaTime>14384200</CreaTime><SyncOnce>FALSE</SyncOnce><SyncDate>20110427</SyncDate><SyncTime>16202900</SyncTime><ModDate>20110427</ModDate><ModTime>16202900</ModTime><DataProperties><lineage><Process ToolSource="E:\Program Files\ArcGIS\ArcToolbox\Toolboxes\Data Management Tools.tbx\CopyFeatures" Date="20041110" Time="154824">CopyFeatures Y:\Multimodal_NDS\Paris\ParisMultimodal.mdb\FDS\Warehouses E:\networkdocs\TutorialData\shapefiles\Warehouses.shp # 0 0 0</Process><Process ToolSource="C:\Program Files\ArcGIS\ArcToolbox\Toolboxes\Data Management Tools.tbx\CopyFeatures" Date="20041123" Time="153855">CopyFeatures \\chandrasekhar\tutorialdata\shapefiles\FDS\Warehouses.shp \\chandrasekhar\tutorialdata\shapefiles\Paris.mdb\FDS\Warehouses # 0 0 0</Process><Process ToolSource="C:\Program Files (x86)\ArcGIS\Desktop10.0\ArcToolbox\Toolboxes\Conversion Tools.tbx\FeatureClassToFeatureClass" Date="20100405" Time="095306">FeatureClassToFeatureClass C:\arcgis\ArcTutor931\Network_Analyst\Exercise6\NetworkAnalysis.gdb\AnalysisObjects\Warehouses C:\arcgis\ArcTutor931\Network_Analyst\Paris.gdb\Analysis Warehouses # "ID "ID" true true false 4 Long 0 0 ,First,#,C:\arcgis\ArcTutor931\Network_Analyst\Exercise6\NetworkAnalysis.gdb\AnalysisObjects\Warehouses,ID,-1,-1;Name "Name" true true false 50 Text 0 0 ,First,#,C:\arcgis\ArcTutor931\Network_Analyst\Exercise6\NetworkAnalysis.gdb\AnalysisObjects\Warehouses,Name,-1,-1" #</Process><Process Name="If Point, Line or Polygon Feature" ToolSource="C:\1Shitij\Temp\If\IfSingle.tbx\IfPointLinePoly" Date="20110315" Time="162643">IfPointLinePoly C:\1Shitij\Temp\If\ToolData\Paris.gdb\Analysis\Warehouses Point</Process><Process Name="If Point, Line or Polygon Feature" ToolSource="C:\1Shitij\Temp\If\IfSingle.tbx\IfPointLinePoly" Date="20110315" Time="165625">IfPointLinePoly C:\1Shitij\Temp\If\ToolData\Paris.gdb\Analysis\Warehouses Point</Process><Process Name="If Point, Line or Polygon Feature" ToolSource="C:\1Shitij\Temp\If\IfSingle.tbx\IfPointLinePoly" Date="20110315" Time="165700">IfPointLinePoly C:\1Shitij\Temp\If\ToolData\Paris.gdb\Analysis\Warehouses Point</Process><Process Name="If Point, Line or Polygon Feature" ToolSource="C:\1Shitij\Temp\If\IfSingle.tbx\IfPointLinePoly" Date="20110316" Time="100359">IfPointLinePoly C:\1Shitij\Temp\If\ToolData\Paris.gdb\Analysis\Warehouses Point</Process><Process Name="If Point, Line or Polygon Feature" ToolSource="C:\1Shitij\Temp\If\IfSingle.tbx\IfPointLinePoly" Date="20110316" Time="101423">IfPointLinePoly C:\1Shitij\Temp\If\ToolData\Paris.gdb\Analysis\Warehouses Point</Process><Process Name="If Point, Line or Polygon Feature" ToolSource="C:\1Shitij\Temp\If\IfSingle.tbx\IfPointLinePoly" Date="20110316" Time="101451">IfPointLinePoly C:\1Shitij\Temp\If\ToolData\Paris.gdb\Analysis\Warehouses Point</Process><Process Name="If Point, Line or Polygon Feature" ToolSource="C:\1Shitij\Temp\If\IfSingle.tbx\IfPointLinePoly" Date="20110316" Time="101602">IfPointLinePoly C:\1Shitij\Temp\If\ToolData\Paris.gdb\Analysis\Warehouses Point</Process><Process Name="If Point, Line or Polygon Feature" ToolSource="C:\1Shitij\Temp\If\IfSingle.tbx\IfPointLinePoly" Date="20110316" Time="101624">IfPointLinePoly C:\1Shitij\Temp\If\ToolData\Paris.gdb\Analysis\Warehouses Point</Process><Process Name="If Point, Line or Polygon Feature" ToolSource="C:\1Shitij\Temp\If\IfSingle.tbx\IfPointLinePoly" Date="20110316" Time="101630">IfPointLinePoly C:\1Shitij\Temp\If\ToolData\Paris.gdb\Analysis\Warehouses Point</Process><Process Name="If Point, Line or Polygon Feature" ToolSource="C:\1Shitij\Temp\If\IfSingle.tbx\IfPointLinePoly" Date="20110316" Time="101909">IfPointLinePoly C:\1Shitij\Temp\If\ToolData\Paris.gdb\Analysis\Warehouses Point</Process><Process Name="If Point, Line or Polygon Feature" ToolSource="C:\1Shitij\Temp\If\IfSingle.tbx\IfPointLinePoly" Date="20110316" Time="102049">IfPointLinePoly C:\1Shitij\Temp\If\ToolData\Paris.gdb\Analysis\Warehouses Point</Process><Process Name="If Point, Line or Polygon Feature" ToolSource="C:\1Shitij\Temp\If\IfSingle.tbx\IfPointLinePoly" Date="20110316" Time="102118">IfPointLinePoly C:\1Shitij\Temp\If\ToolData\Paris.gdb\Analysis\Warehouses Point</Process><Process Name="If Point, Line or Polygon Feature" ToolSource="C:\1Shitij\Temp\If\IfSingle.tbx\IfPointLinePoly" Date="20110316" Time="102206">IfPointLinePoly C:\1Shitij\Temp\If\ToolData\Paris.gdb\Analysis\WarehousesPolygon Point</Process><Process Name="If Point, Line or Polygon Feature" ToolSource="C:\1Shitij\Temp\If\IfSingle.tbx\IfPointLinePoly" Date="20110316" Time="104924">IfPointLinePoly C:\1Shitij\Temp\If\ToolData\Paris.gdb\Analysis\WarehousesPolygon Point</Process><Process Name="If Point, Line or Polygon Feature" ToolSource="C:\1Shitij\Temp\If\IfSingle.tbx\IfPointLinePoly" Date="20110330" Time="095837">IfPointLinePoly C:\1Shitij\Temp\If\ToolData\ToolData.gdb\WarehousesPolygon Point</Process><Process Name="If Point, Line or Polygon Feature" ToolSource="C:\1Shitij\Temp\If\IfSingle.tbx\IfPointLinePoly" Date="20110330" Time="095943">IfPointLinePoly "If Point PolyLine or Polygon\Warehouses" Point</Process><Process ToolSource="c:\program files (x86)\arcgis\desktop10.1\ArcToolbox\Toolboxes\Data Management Tools.tbx\CopyFeatures" Date="20110427" Time="162029">CopyFeatures C:\1Shitij\Temp\If\ToolData\Paris.gdb\Analysis\Warehouses C:\1Shitij\UC\11\ToolData\Data\ParisAnalysis\Warehouses.shp # 0 0 0</Process></lineage><itemProps><itemName Sync="TRUE">Warehouses</itemName><imsContentType Sync="TRUE">002</imsContentType><itemLocation><linkage Sync="TRUE">file://\\SMEHTA\C$\IteratorTutorial\ToolData\Data\Warehouses</linkage><protocol Sync="TRUE">Local Area Network</protocol></itemLocation><itemSize Sync="TRUE">0.000</itemSize></itemProps><coordRef><type Sync="TRUE">Projected</type><geogcsn Sync="TRUE">GCS_NTF</geogcsn><projcsn Sync="TRUE">NTF_Lambert_II</projcsn><peXml Sync="TRUE">&lt;ProjectedCoordinateSystem xsi:type='typens:ProjectedCoordinateSystem' xmlns:xsi='http://www.w3.org/2001/XMLSchema-instance' xmlns:xs='http://www.w3.org/2001/XMLSchema' xmlns:typens='http://www.esri.com/schemas/ArcGIS/10.1'&gt;&lt;WKT&gt;PROJCS[&amp;quot;NTF_Lambert_II&amp;quot;,GEOGCS[&amp;quot;GCS_NTF&amp;quot;,DATUM[&amp;quot;D_NTF&amp;quot;,SPHEROID[&amp;quot;Clarke_1880_IGN&amp;quot;,6378249.2,293.46602]],PRIMEM[&amp;quot;Greenwich&amp;quot;,0.0],UNIT[&amp;quot;Degree&amp;quot;,0.0174532925199433]],PROJECTION[&amp;quot;Lambert_Conformal_Conic&amp;quot;],PARAMETER[&amp;quot;False_Easting&amp;quot;,600000.0],PARAMETER[&amp;quot;False_Northing&amp;quot;,2200000.0],PARAMETER[&amp;quot;Central_Meridian&amp;quot;,2.3372291667],PARAMETER[&amp;quot;Standard_Parallel_1&amp;quot;,45.8989188889],PARAMETER[&amp;quot;Standard_Parallel_2&amp;quot;,47.6960144444],PARAMETER[&amp;quot;Scale_Factor&amp;quot;,1.0],PARAMETER[&amp;quot;Latitude_Of_Origin&amp;quot;,46.8],UNIT[&amp;quot;Meter&amp;quot;,1.0]]&lt;/WKT&gt;&lt;XOrigin&gt;-35692100&lt;/XOrigin&gt;&lt;YOrigin&gt;-28092400&lt;/YOrigin&gt;&lt;XYScale&gt;124093111.92712726&lt;/XYScale&gt;&lt;ZOrigin&gt;-100000&lt;/ZOrigin&gt;&lt;ZScale&gt;10000&lt;/ZScale&gt;&lt;MOrigin&gt;-100000&lt;/MOrigin&gt;&lt;MScale&gt;10000&lt;/MScale&gt;&lt;XYTolerance&gt;0.001&lt;/XYTolerance&gt;&lt;ZTolerance&gt;0.001&lt;/ZTolerance&gt;&lt;MTolerance&gt;0.001&lt;/MTolerance&gt;&lt;HighPrecision&gt;true&lt;/HighPrecision&gt;&lt;/ProjectedCoordinateSystem&gt;</peXml><csUnits Sync="TRUE">Linear Unit: Meter (1.000000)</csUnits></coordRef><copyHistory><copy source="C:\1Shitij\UC\11\ToolData\Data\ParisAnalysis\Warehouses" dest="\\SMEHTA\C$\IteratorTutorial\ToolData\Data\Warehouses" date="20110503" time="14384200"></copy></copyHistory></DataProperties></Esri><idinfo><native Sync="TRUE">Microsoft Windows XP Version 5.1 (Build 2600) Service Pack 2; ESRI ArcCatalog 9.3.0.1629</native><descript><langdata Sync="TRUE">en</langdata><abstract>REQUIRED: A brief narrative summary of the data set.</abstract><purpose>REQUIRED: A summary of the intentions with which the data set was developed.</purpose></descript><citation><citeinfo><origin>REQUIRED: The name of an organization or individual that developed the data set.</origin><pubdate>REQUIRED: The date when the data set is published or otherwise made available for release.</pubdate><title Sync="TRUE">Warehouses</title><ftname Sync="TRUE">Warehouses</ftname><geoform Sync="TRUE">vector digital data</geoform><onlink Sync="TRUE">\\blaster\N\Tutorial_data\ArcGIS\Network_Analyst\Exercise6\NetworkAnalysis.gdb</onlink></citeinfo></citation><timeperd><current>REQUIRED: The basis on which the time period of content information is determined.</current><timeinfo><sngdate><caldate>REQUIRED: The year (and optionally month, or month and day) for which the data set corresponds to the ground.</caldate></sngdate></timeinfo></timeperd><status><progress>REQUIRED: The state of the data set.</progress><update>REQUIRED: The frequency with which changes and additions are made to the data set after the initial data set is completed.</update></status><spdom><bounding><westbc Sync="TRUE">2.270526</westbc><eastbc Sync="TRUE">2.400142</eastbc><northbc Sync="TRUE">48.893771</northbc><southbc Sync="TRUE">48.821122</southbc></bounding><lboundng><leftbc Sync="TRUE">595105.875009</leftbc><rightbc Sync="TRUE">604616.000074</rightbc><bottombc Sync="TRUE">2424742.750005</bottombc><topbc Sync="TRUE">2432824.000061</topbc></lboundng></spdom><keywords><theme><themekt>REQUIRED: Reference to a formally registered thesaurus or a similar authoritative source of theme keywords.</themekt><themekey>REQUIRED: Common-use word or phrase used to describe the subject of the data set.</themekey></theme></keywords><accconst>REQUIRED: Restrictions and legal prerequisites for accessing the data set.</accconst><useconst>REQUIRED: Restrictions and legal prerequisites for using the data set after access is granted.</useconst><natvform Sync="TRUE">File Geodatabase Feature Class</natvform></idinfo><dataIdInfo><envirDesc Sync="TRUE">Microsoft Windows Server 2008 R2 Version 6.1 (Build 7600) ; ESRI ArcGIS 10.1.0.2724</envirDesc><dataLang><languageCode Sync="TRUE" value="eng" country="USA"></languageCode><countryCode value="USA" Sync="TRUE"></countryCode></dataLang><idCitation><resTitle Sync="TRUE">Warehouses</resTitle><presForm><PresFormCd Sync="TRUE" value="005"></PresFormCd></presForm></idCitation><spatRpType><SpatRepTypCd Sync="TRUE" value="001"></SpatRepTypCd></spatRpType><dataExt><geoEle><GeoBndBox esriExtentType="native"><westBL Sync="TRUE">595105.875009</westBL><eastBL Sync="TRUE">604616.000074</eastBL><northBL Sync="TRUE">2432824.000061</northBL><southBL Sync="TRUE">2424742.750005</southBL><exTypeCode Sync="TRUE">1</exTypeCode></GeoBndBox></geoEle></dataExt><geoBox esriExtentType="decdegrees"><westBL Sync="TRUE">2.270526</westBL><eastBL Sync="TRUE">2.400142</eastBL><northBL Sync="TRUE">48.893771</northBL><southBL Sync="TRUE">48.821122</southBL><exTypeCode Sync="TRUE">1</exTypeCode></geoBox><descKeys><thesaName uuidref="723f6998-058e-11dc-8314-0800200c9a66"></thesaName><keyword Sync="TRUE">002</keyword></descKeys></dataIdInfo><metainfo><langmeta Sync="TRUE">en</langmeta><metstdn Sync="TRUE">FGDC Content Standards for Digital Geospatial Metadata</metstdn><metstdv Sync="TRUE">FGDC-STD-001-1998</metstdv><mettc Sync="TRUE">local time</mettc><metc><cntinfo><cntorgp><cntper>REQUIRED: The person responsible for the metadata information.</cntper><cntorg>REQUIRED: The organization responsible for the metadata information.</cntorg></cntorgp><cntaddr><addrtype>REQUIRED: The mailing and/or physical address for the organization or individual.</addrtype><city>REQUIRED: The city of the address.</city><state>REQUIRED: The state or province of the address.</state><postal>REQUIRED: The ZIP or other postal code of the address.</postal></cntaddr><cntvoice>REQUIRED: The telephone number by which individuals can speak to the organization or individual.</cntvoice></cntinfo></metc><metd Sync="TRUE">20071116</metd></metainfo><mdLang><languageCode Sync="TRUE" value="eng"></languageCode><countryCode value="USA" Sync="TRUE"></countryCode></mdLang><mdStanName Sync="TRUE">ISO 19115 Geographic Information - Metadata</mdStanName><mdStanVer Sync="TRUE">DIS_ESRI1.0</mdStanVer><mdChar><CharSetCd Sync="TRUE" value="004"></CharSetCd></mdChar><mdHrLv><ScopeCd Sync="TRUE" value="005"></ScopeCd></mdHrLv><mdHrLvName Sync="TRUE">dataset</mdHrLvName><distinfo><resdesc Sync="TRUE">Downloadable Data</resdesc><stdorder><digform><digtinfo><transize Sync="TRUE">0.000</transize><dssize Sync="TRUE">0.000</dssize></digtinfo></digform></stdorder></distinfo><distInfo><distributor><distorTran><onLineSrc><orDesc Sync="TRUE">002</orDesc><linkage Sync="TRUE">file://\\blaster\N\Tutorial_data\ArcGIS\Network_Analyst\Exercise6\NetworkAnalysis.gdb</linkage><protocol Sync="TRUE">Local Area Network</protocol></onLineSrc><transSize Sync="TRUE">0.000</transSize></distorTran><distorFormat><formatName Sync="TRUE">File Geodatabase Feature Class</formatName></distorFormat></distributor><distFormat><formatName Sync="TRUE">Shapefile</formatName></distFormat><distTranOps><transSize Sync="TRUE">0.000</transSize></distTranOps></distInfo><spdoinfo><direct Sync="TRUE">Vector</direct><ptvctinf><esriterm><efeatyp Sync="TRUE">Simple</efeatyp><efeageom code="1" Sync="TRUE"></efeageom><esritopo Sync="TRUE">FALSE</esritopo><efeacnt Sync="TRUE">0</efeacnt><spindex Sync="TRUE">FALSE</spindex><linrefer Sync="TRUE">FALSE</linrefer></esriterm></ptvctinf></spdoinfo><spref><horizsys><cordsysn><geogcsn Sync="TRUE">GCS_NTF</geogcsn><projcsn Sync="TRUE">NTF_Lambert_II</projcsn></cordsysn><planar><planci><plance Sync="TRUE">coordinate pair</plance><plandu Sync="TRUE">meters</plandu><coordrep><absres Sync="TRUE">0.000000</absres><ordres Sync="TRUE">0.000000</ordres></coordrep></planci></planar><geodetic><horizdn Sync="TRUE">D_NTF</horizdn><ellips Sync="TRUE">Clarke_1880_IGN</ellips><semiaxis Sync="TRUE">6378249.200000</semiaxis><denflat Sync="TRUE">293.466020</denflat></geodetic></horizsys><vertdef><altsys><altenc Sync="TRUE">Explicit elevation coordinate included with horizontal coordinates</altenc><altres Sync="TRUE">0.000003</altres></altsys></vertdef></spref><refSysInfo><RefSystem><refSysID><identCode Sync="TRUE" code="0" value="0">NTF_Lambert_II</identCode></refSysID></RefSystem></refSysInfo><spatRepInfo><VectSpatRep><topLvl><TopoLevCd Sync="TRUE" value="001"></TopoLevCd></topLvl><geometObjs Name="Warehouses"><geoObjTyp><GeoObjTypCd Sync="TRUE" value="004"></GeoObjTypCd><geoObjCnt Sync="TRUE">0</geoObjCnt></geoObjTyp><geoObjCnt Sync="TRUE">0</geoObjCnt></geometObjs></VectSpatRep></spatRepInfo><eainfo><detailed Name="Warehouses"><attr><attrlabl Sync="TRUE">Name</attrlabl><attalias Sync="TRUE">Name</attalias><attrtype Sync="TRUE">String</attrtype><attwidth Sync="TRUE">50</attwidth><atprecis Sync="TRUE">0</atprecis><attscale Sync="TRUE">0</attscale></attr><attr><attrlabl Sync="TRUE">FID</attrlabl><attalias Sync="TRUE">FID</attalias><attrtype Sync="TRUE">OID</attrtype><attwidth Sync="TRUE">4</attwidth><atprecis Sync="TRUE">0</atprecis><attscale Sync="TRUE">0</attscale><attrdef Sync="TRUE">Internal feature number.</attrdef><attrdefs Sync="TRUE">ESRI</attrdefs><attrdomv><udom Sync="TRUE">Sequential unique whole numbers that are automatically generated.</udom></attrdomv></attr><enttyp><enttypl Sync="TRUE">Warehouses</enttypl><enttypt Sync="TRUE">Feature Class</enttypt><enttypc Sync="TRUE">0</enttypc></enttyp><attr><attrlabl Sync="TRUE">Shape</attrlabl><attalias Sync="TRUE">Shape</attalias><attrtype Sync="TRUE">Geometry</attrtype><attwidth Sync="TRUE">0</attwidth><atprecis Sync="TRUE">0</atprecis><attscale Sync="TRUE">0</attscale><attrdef Sync="TRUE">Feature geometry.</attrdef><attrdefs Sync="TRUE">ESRI</attrdefs><attrdomv><udom Sync="TRUE">Coordinates defining the features.</udom></attrdomv></attr><attr><attrlabl Sync="TRUE">ID</attrlabl><attalias Sync="TRUE">ID</attalias><attrtype Sync="TRUE">Integer</attrtype><attwidth Sync="TRUE">9</attwidth><atprecis Sync="TRUE">9</atprecis><attscale Sync="TRUE">0</attscale></attr></detailed></eainfo><mdDateSt Sync="TRUE">20110427</mdDateSt><dataqual><lineage><procstep><procdesc Sync="TRUE">Dataset moved.</procdesc><srcused Sync="TRUE">E:\networkdocs\TutorialData\shapefiles\Warehouses</srcused><date Sync="TRUE">20041110</date><time Sync="TRUE">15494300</time></procstep><procstep><procdesc Sync="TRUE">Dataset copied.</procdesc><srcused Sync="TRUE">\\CHANDRASEKHAR\TutorialData\shapefiles\Paris.mdb</srcused><date Sync="TRUE">20041123</date><time Sync="TRUE">15470400</time></procstep><procstep><procdesc Sync="TRUE">Dataset copied.</procdesc><srcused Sync="TRUE">\\CHENAB\c_drive\temp\Exercise6\NetworkAnalysis.mdb</srcused><date Sync="TRUE">20060307</date><time Sync="TRUE">14321700</time></procstep></lineage></dataqual></metadata>
