<metadata xml:lang="en"><Esri><CreaDate>20100422</CreaDate><CreaTime>16462200</CreaTime><SyncOnce>FALSE</SyncOnce><SyncDate>20110427</SyncDate><SyncTime>16205900</SyncTime><ModDate>20110427</ModDate><ModTime>16205900</ModTime><DataProperties><lineage><Process ToolSource="C:\Program Files\ArcGIS\Desktop9.4\ArcToolbox\Toolboxes\Data Management Tools.tbx\CopyFeatures" Date="20090901" Time="161211">CopyFeatures C:\arcgis\ArcTutor\Network_Analyst\Tutorial\Paris_1.gdb\BaseMap\parks C:\arcgis\ArcTutor\Network_Analyst\Tutorial\Paris.gdb\BaseMap\parks # 0 0 0</Process><Process ToolSource="C:\Program Files (x86)\ArcGIS\Desktop9.4\ArcToolbox\Toolboxes\Data Management Tools.tbx\CopyFeatures" Date="20091124" Time="092904">CopyFeatures C:\Projects\Tests\ForKathleen\Network_Analyst\Tutorial\Paris_orig.gdb\BaseMap\Parks C:\Projects\Tests\ForKathleen\Network_Analyst\Tutorial\Paris.gdb\BaseMap\Parks # 0 0 0</Process><Process ToolSource="C:\Program Files (x86)\ArcGIS\Desktop10.0\ArcToolbox\Toolboxes\Conversion Tools.tbx\FeatureClassToFeatureClass" Date="20100405" Time="095548">FeatureClassToFeatureClass "C:\arcgis\ArcTutor\Network Analyst\Tutorial\Paris.gdb\BaseMap\Parks" C:\arcgis\ArcTutor931\Network_Analyst\Paris.gdb\BaseMap Parks # "ID "ID" true true false 8 Double 0 0 ,First,#,C:\arcgis\ArcTutor\Network Analyst\Tutorial\Paris.gdb\BaseMap\Parks,ID,-1,-1;FEATTYP "FEATTYP" true true false 2 Short 0 0 ,First,#,C:\arcgis\ArcTutor\Network Analyst\Tutorial\Paris.gdb\BaseMap\Parks,FEATTYP,-1,-1;FEATAREA "FEATAREA" true true false 8 Double 0 0 ,First,#,C:\arcgis\ArcTutor\Network Analyst\Tutorial\Paris.gdb\BaseMap\Parks,FEATAREA,-1,-1;FEATPERIM "FEATPERIM" true true false 8 Double 0 0 ,First,#,C:\arcgis\ArcTutor\Network Analyst\Tutorial\Paris.gdb\BaseMap\Parks,FEATPERIM,-1,-1;NAME "NAME" true true false 70 Text 0 0 ,First,#,C:\arcgis\ArcTutor\Network Analyst\Tutorial\Paris.gdb\BaseMap\Parks,NAME,-1,-1;NAMELC "NAMELC" true true false 3 Text 0 0 ,First,#,C:\arcgis\ArcTutor\Network Analyst\Tutorial\Paris.gdb\BaseMap\Parks,NAMELC,-1,-1;DISPLATTYP "DISPLATTYP" true true false 2 Text 0 0 ,First,#,C:\arcgis\ArcTutor\Network Analyst\Tutorial\Paris.gdb\BaseMap\Parks,DISPLATTYP,-1,-1;DISPLTYP "DISPLTYP" true true false 2 Short 0 0 ,First,#,C:\arcgis\ArcTutor\Network Analyst\Tutorial\Paris.gdb\BaseMap\Parks,DISPLTYP,-1,-1;Shape_Length "Shape_Length" false true true 8 Double 0 0 ,First,#,C:\arcgis\ArcTutor\Network Analyst\Tutorial\Paris.gdb\BaseMap\Parks,Shape_Length,-1,-1;Shape_Area "Shape_Area" false true true 8 Double 0 0 ,First,#,C:\arcgis\ArcTutor\Network Analyst\Tutorial\Paris.gdb\BaseMap\Parks,Shape_Area,-1,-1" #</Process><Process ToolSource="c:\program files (x86)\arcgis\desktop10.1\ArcToolbox\Toolboxes\Data Management Tools.tbx\CopyFeatures" Date="20110427" Time="162059">CopyFeatures C:\1Shitij\Temp\If\ToolData\Paris.gdb\BaseMap\Parks C:\1Shitij\UC\11\ToolData\Data\ParisBaseMaps\Parks.shp # 0 0 0</Process></lineage><itemProps><itemLocation><linkage Sync="TRUE">file://\\SMEHTA\C$\1Shitij\UC\11\ToolData\Data\ParisBaseMaps\Parks.shp</linkage><protocol Sync="TRUE">Local Area Network</protocol></itemLocation><itemName Sync="TRUE">Parks</itemName><imsContentType Sync="TRUE">002</imsContentType><itemSize Sync="TRUE">0.000</itemSize></itemProps><coordRef><type Sync="TRUE">Projected</type><geogcsn Sync="TRUE">GCS_NTF</geogcsn><projcsn Sync="TRUE">NTF_Lambert_II</projcsn><peXml Sync="TRUE">&lt;ProjectedCoordinateSystem xsi:type='typens:ProjectedCoordinateSystem' xmlns:xsi='http://www.w3.org/2001/XMLSchema-instance' xmlns:xs='http://www.w3.org/2001/XMLSchema' xmlns:typens='http://www.esri.com/schemas/ArcGIS/10.1'&gt;&lt;WKT&gt;PROJCS[&amp;quot;NTF_Lambert_II&amp;quot;,GEOGCS[&amp;quot;GCS_NTF&amp;quot;,DATUM[&amp;quot;D_NTF&amp;quot;,SPHEROID[&amp;quot;Clarke_1880_IGN&amp;quot;,6378249.2,293.46602]],PRIMEM[&amp;quot;Greenwich&amp;quot;,0.0],UNIT[&amp;quot;Degree&amp;quot;,0.0174532925199433]],PROJECTION[&amp;quot;Lambert_Conformal_Conic&amp;quot;],PARAMETER[&amp;quot;False_Easting&amp;quot;,600000.0],PARAMETER[&amp;quot;False_Northing&amp;quot;,2200000.0],PARAMETER[&amp;quot;Central_Meridian&amp;quot;,2.3372291667],PARAMETER[&amp;quot;Standard_Parallel_1&amp;quot;,45.8989188889],PARAMETER[&amp;quot;Standard_Parallel_2&amp;quot;,47.6960144444],PARAMETER[&amp;quot;Scale_Factor&amp;quot;,1.0],PARAMETER[&amp;quot;Latitude_Of_Origin&amp;quot;,46.8],UNIT[&amp;quot;Meter&amp;quot;,1.0]]&lt;/WKT&gt;&lt;XOrigin&gt;-35692100&lt;/XOrigin&gt;&lt;YOrigin&gt;-28092400&lt;/YOrigin&gt;&lt;XYScale&gt;124093111.92712726&lt;/XYScale&gt;&lt;ZOrigin&gt;-100000&lt;/ZOrigin&gt;&lt;ZScale&gt;10000&lt;/ZScale&gt;&lt;MOrigin&gt;-100000&lt;/MOrigin&gt;&lt;MScale&gt;10000&lt;/MScale&gt;&lt;XYTolerance&gt;0.001&lt;/XYTolerance&gt;&lt;ZTolerance&gt;0.001&lt;/ZTolerance&gt;&lt;MTolerance&gt;0.001&lt;/MTolerance&gt;&lt;HighPrecision&gt;true&lt;/HighPrecision&gt;&lt;/ProjectedCoordinateSystem&gt;</peXml><csUnits Sync="TRUE">Linear Unit: Meter (1.000000)</csUnits></coordRef></DataProperties><ArcGISFormat>1.0</ArcGISFormat></Esri><idinfo><native Sync="TRUE">Microsoft Windows XP Version 5.1 (Build 2600) Service Pack 2; ESRI ArcCatalog 9.3.1.3000</native><descript><langdata Sync="TRUE">en</langdata><abstract>This dataset contains parks in Paris.</abstract><purpose>This dataset is intended to be used as a basemap layer in the Network Analyst Extension examples. This data is for educational and demonstration use and is not guaranteed to be an accurate data source for its location.</purpose></descript><citation><citeinfo><origin>NAVTEQ</origin><pubdate>REQUIRED: The date when the data set is published or otherwise made available for release.</pubdate><title Sync="TRUE">Parks</title><ftname Sync="TRUE">Parks</ftname><geoform Sync="TRUE">vector digital data</geoform><onlink>C$\ArcGIS\ArcTutor\Network_Analyst\Tutorial\Paris.gdb</onlink></citeinfo></citation><timeperd><current>REQUIRED: The basis on which the time period of content information is determined.</current><timeinfo><sngdate><caldate>REQUIRED: The year (and optionally month, or month and day) for which the data set corresponds to the ground.</caldate></sngdate></timeinfo></timeperd><status><progress>REQUIRED: The state of the data set.</progress><update>REQUIRED: The frequency with which changes and additions are made to the data set after the initial data set is completed.</update></status><spdom><bounding><westbc Sync="TRUE">2.202224</westbc><eastbc Sync="TRUE">2.470057</eastbc><northbc Sync="TRUE">48.951470</northbc><southbc Sync="TRUE">48.757096</southbc></bounding><lboundng><leftbc Sync="TRUE">590105.495277</leftbc><rightbc Sync="TRUE">609734.902015</rightbc><bottombc Sync="TRUE">2417625.556659</bottombc><topbc Sync="TRUE">2439244.245191</topbc></lboundng></spdom><keywords><theme><themekt>REQUIRED: Reference to a formally registered thesaurus or a similar authoritative source of theme keywords.</themekt><themekey>REQUIRED: Common-use word or phrase used to describe the subject of the data set.</themekey></theme></keywords><accconst>Access granted to Licensee only.</accconst><useconst>See the ESRI License Agreement for Disclaimer of Warranties and Limitation on Liabilities with respect to the sample data contained herein. The sample data is the intellectual property of the respective data provider(s) and is used herein with permission. All rights not granted herein are reserved. The sample data may only be used for the licensee's own internal use only. For further redistribution rights please contact the data provider(s) directly with the contact information provided in this metadata.</useconst><natvform Sync="TRUE">File Geodatabase Feature Class</natvform><datacred>Copyright © 2009 NAVTEQ All rights reserved.</datacred></idinfo><dataIdInfo><envirDesc Sync="TRUE">Microsoft Windows Server 2008 R2 Version 6.1 (Build 7600) ; ESRI ArcGIS 10.1.0.2724</envirDesc><dataLang><languageCode Sync="TRUE" value="eng" country="USA"></languageCode><countryCode value="USA" Sync="TRUE"></countryCode></dataLang><idCitation><resTitle Sync="TRUE">Parks</resTitle><presForm><PresFormCd value="005"></PresFormCd></presForm></idCitation><dataExt><geoEle><GeoBndBox esriExtentType="native"><westBL Sync="TRUE">590105.495277</westBL><eastBL Sync="TRUE">609734.902015</eastBL><northBL Sync="TRUE">2439244.245191</northBL><southBL Sync="TRUE">2417625.556659</southBL><exTypeCode Sync="TRUE">1</exTypeCode></GeoBndBox></geoEle></dataExt><geoBox esriExtentType="decdegrees"><westBL Sync="TRUE">2.202224</westBL><eastBL Sync="TRUE">2.470057</eastBL><northBL Sync="TRUE">48.95147</northBL><southBL Sync="TRUE">48.757096</southBL><exTypeCode Sync="TRUE">1</exTypeCode></geoBox><descKeys><thesaName uuidref="723f6998-058e-11dc-8314-0800200c9a66"></thesaName><keyword Sync="TRUE">002</keyword></descKeys><spatRpType><SpatRepTypCd value="001"></SpatRepTypCd></spatRpType></dataIdInfo><metainfo><langmeta Sync="TRUE">en</langmeta><metstdn Sync="TRUE">FGDC Content Standards for Digital Geospatial Metadata</metstdn><metstdv Sync="TRUE">FGDC-STD-001-1998</metstdv><mettc Sync="TRUE">local time</mettc><metc><cntinfo><cntorgp><cntper>REQUIRED: The person responsible for the metadata information.</cntper><cntorg>REQUIRED: The organization responsible for the metadata information.</cntorg></cntorgp><cntaddr><addrtype>REQUIRED: The mailing and/or physical address for the organization or individual.</addrtype><city>REQUIRED: The city of the address.</city><state>REQUIRED: The state or province of the address.</state><postal>REQUIRED: The ZIP or other postal code of the address.</postal></cntaddr><cntvoice>REQUIRED: The telephone number by which individuals can speak to the organization or individual.</cntvoice></cntinfo></metc><metd Sync="TRUE">20090908</metd></metainfo><mdLang><languageCode Sync="TRUE" value="eng"></languageCode><countryCode value="USA" Sync="TRUE"></countryCode></mdLang><mdStanName Sync="TRUE">ISO 19115 Geographic Information - Metadata</mdStanName><mdStanVer Sync="TRUE">DIS_ESRI1.0</mdStanVer><mdChar><CharSetCd Sync="TRUE" value="004"></CharSetCd></mdChar><mdHrLv><ScopeCd Sync="TRUE" value="005"></ScopeCd></mdHrLv><mdHrLvName Sync="TRUE">dataset</mdHrLvName><distinfo><resdesc Sync="TRUE">Downloadable Data</resdesc></distinfo><distInfo><distributor><distorTran><onLineSrc><orDesc Sync="TRUE">002</orDesc><linkage Sync="TRUE">file://\\rgarrity\C$\ArcGIS\ArcTutor\Network_Analyst\Tutorial\Metadata.gdb</linkage><protocol Sync="TRUE">Local Area Network</protocol></onLineSrc></distorTran><distorFormat><formatName Sync="TRUE">File Geodatabase Feature Class</formatName></distorFormat></distributor><distFormat><formatName Sync="TRUE">Shapefile</formatName></distFormat><distTranOps><transSize Sync="TRUE">0.000</transSize></distTranOps></distInfo><spdoinfo><direct Sync="TRUE">Vector</direct><ptvctinf><esriterm><efeatyp Sync="TRUE">Simple</efeatyp><efeageom code="4" Sync="TRUE"></efeageom><esritopo Sync="TRUE">FALSE</esritopo><efeacnt Sync="TRUE">0</efeacnt><spindex Sync="TRUE">FALSE</spindex><linrefer Sync="TRUE">FALSE</linrefer></esriterm></ptvctinf></spdoinfo><spref><horizsys><cordsysn><geogcsn Sync="TRUE">GCS_NTF</geogcsn><projcsn Sync="TRUE">NTF_Lambert_II</projcsn></cordsysn><planar><planci><plance Sync="TRUE">coordinate pair</plance><plandu Sync="TRUE">meters</plandu><coordrep><absres Sync="TRUE">0.000000</absres><ordres Sync="TRUE">0.000000</ordres></coordrep></planci></planar><geodetic><horizdn Sync="TRUE">D_NTF</horizdn><ellips Sync="TRUE">Clarke_1880_IGN</ellips><semiaxis Sync="TRUE">6378249.200000</semiaxis><denflat Sync="TRUE">293.466020</denflat></geodetic></horizsys><vertdef><altsys><altenc Sync="TRUE">Explicit elevation coordinate included with horizontal coordinates</altenc><altres Sync="TRUE">0.000003</altres></altsys></vertdef></spref><refSysInfo><RefSystem><refSysID><identCode Sync="TRUE" code="0" value="0">NTF_Lambert_II</identCode></refSysID></RefSystem></refSysInfo><spatRepInfo><VectSpatRep><topLvl><TopoLevCd Sync="TRUE" value="001"></TopoLevCd></topLvl><geometObjs Name="Parks"><geoObjTyp><GeoObjTypCd Sync="TRUE" value="002"></GeoObjTypCd><geoObjCnt Sync="TRUE">0</geoObjCnt></geoObjTyp><geoObjCnt Sync="TRUE">0</geoObjCnt></geometObjs></VectSpatRep></spatRepInfo><eainfo><detailed Name="Parks"><enttyp><enttypl Sync="TRUE">Parks</enttypl><enttypt Sync="TRUE">Feature Class</enttypt><enttypc Sync="TRUE">0</enttypc></enttyp><attr><attrlabl Sync="TRUE">FID</attrlabl><attalias Sync="TRUE">FID</attalias><attrtype Sync="TRUE">OID</attrtype><attwidth Sync="TRUE">4</attwidth><atprecis Sync="TRUE">0</atprecis><attscale Sync="TRUE">0</attscale><attrdef Sync="TRUE">Internal feature number.</attrdef><attrdefs Sync="TRUE">ESRI</attrdefs><attrdomv><udom Sync="TRUE">Sequential unique whole numbers that are automatically generated.</udom></attrdomv></attr><attr><attrlabl Sync="TRUE">Shape</attrlabl><attalias Sync="TRUE">Shape</attalias><attrtype Sync="TRUE">Geometry</attrtype><attwidth Sync="TRUE">0</attwidth><atprecis Sync="TRUE">0</atprecis><attscale Sync="TRUE">0</attscale><attrdef Sync="TRUE">Feature geometry.</attrdef><attrdefs Sync="TRUE">ESRI</attrdefs><attrdomv><udom Sync="TRUE">Coordinates defining the features.</udom></attrdomv></attr><attr><attrlabl Sync="TRUE">ID</attrlabl><attalias Sync="TRUE">ID</attalias><attrtype Sync="TRUE">Double</attrtype><attwidth Sync="TRUE">19</attwidth><atprecis Sync="TRUE">0</atprecis><attscale Sync="TRUE">0</attscale></attr><attr><attrlabl Sync="TRUE">FEATTYP</attrlabl><attalias Sync="TRUE">FEATTYP</attalias><attrtype Sync="TRUE">SmallInteger</attrtype><attwidth Sync="TRUE">4</attwidth><atprecis Sync="TRUE">4</atprecis><attscale Sync="TRUE">0</attscale></attr><attr><attrlabl Sync="TRUE">FEATAREA</attrlabl><attalias Sync="TRUE">FEATAREA</attalias><attrtype Sync="TRUE">Double</attrtype><attwidth Sync="TRUE">19</attwidth><atprecis Sync="TRUE">0</atprecis><attscale Sync="TRUE">0</attscale></attr><attr><attrlabl Sync="TRUE">FEATPERIM</attrlabl><attalias Sync="TRUE">FEATPERIM</attalias><attrtype Sync="TRUE">Double</attrtype><attwidth Sync="TRUE">19</attwidth><atprecis Sync="TRUE">0</atprecis><attscale Sync="TRUE">0</attscale></attr><attr><attrlabl Sync="TRUE">NAME</attrlabl><attalias Sync="TRUE">NAME</attalias><attrtype Sync="TRUE">String</attrtype><attwidth Sync="TRUE">70</attwidth><atprecis Sync="TRUE">0</atprecis><attscale Sync="TRUE">0</attscale></attr><attr><attrlabl Sync="TRUE">NAMELC</attrlabl><attalias Sync="TRUE">NAMELC</attalias><attrtype Sync="TRUE">String</attrtype><attwidth Sync="TRUE">3</attwidth><atprecis Sync="TRUE">0</atprecis><attscale Sync="TRUE">0</attscale></attr><attr><attrlabl Sync="TRUE">DISPLATTYP</attrlabl><attalias Sync="TRUE">DISPLATTYP</attalias><attrtype Sync="TRUE">String</attrtype><attwidth Sync="TRUE">2</attwidth><atprecis Sync="TRUE">0</atprecis><attscale Sync="TRUE">0</attscale></attr><attr><attrlabl Sync="TRUE">DISPLTYP</attrlabl><attalias Sync="TRUE">DISPLTYP</attalias><attrtype Sync="TRUE">SmallInteger</attrtype><attwidth Sync="TRUE">4</attwidth><atprecis Sync="TRUE">4</atprecis><attscale Sync="TRUE">0</attscale></attr><attr><attrlabl Sync="TRUE">Shape_Leng</attrlabl><attalias Sync="TRUE">Shape_Leng</attalias><attrtype Sync="TRUE">Double</attrtype><attwidth Sync="TRUE">19</attwidth><atprecis Sync="TRUE">0</atprecis><attscale Sync="TRUE">0</attscale></attr><attr><attrlabl Sync="TRUE">Shape_Area</attrlabl><attalias Sync="TRUE">Shape_Area</attalias><attrtype Sync="TRUE">Double</attrtype><attwidth Sync="TRUE">19</attwidth><atprecis Sync="TRUE">0</atprecis><attscale Sync="TRUE">0</attscale><attrdef Sync="TRUE">Area of feature in internal units squared.</attrdef><attrdefs Sync="TRUE">ESRI</attrdefs><attrdomv><udom Sync="TRUE">Positive real numbers that are automatically generated.</udom></attrdomv></attr></detailed></eainfo><mdDateSt Sync="TRUE">20110427</mdDateSt></metadata>
