<metadata xml:lang="en"><Esri><CreaDate>20100422</CreaDate><CreaTime>16460700</CreaTime><SyncOnce>FALSE</SyncOnce><SyncDate>20110427</SyncDate><SyncTime>16202800</SyncTime><ModDate>20110427</ModDate><ModTime>16202800</ModTime><DataProperties><lineage><Process ToolSource="E:\Program Files\ArcGIS\ArcToolbox\Toolboxes\Data Management Tools.tbx\CopyFeatures" Date="20041110" Time="154823">CopyFeatures Y:\Multimodal_NDS\Paris\ParisMultimodal.mdb\FDS\Stores E:\networkdocs\TutorialData\shapefiles\Stores.shp # 0 0 0</Process><Process ToolSource="C:\Program Files\ArcGIS\ArcToolbox\Toolboxes\Data Management Tools.tbx\CopyFeatures" Date="20041123" Time="153915">CopyFeatures \\chandrasekhar\tutorialdata\shapefiles\FDS\Stores.shp \\chandrasekhar\tutorialdata\shapefiles\Paris.mdb\FDS\Stores # 0 0 0</Process><Process ToolSource="C:\Program Files (x86)\ArcGIS\Desktop10.0\ArcToolbox\Toolboxes\Conversion Tools.tbx\FeatureClassToFeatureClass" Date="20100405" Time="095157">FeatureClassToFeatureClass C:\arcgis\ArcTutor931\Network_Analyst\Exercise6\NetworkAnalysis.gdb\AnalysisObjects\Stores C:\arcgis\ArcTutor931\Network_Analyst\Paris.gdb\Analysis Stores # "POI "POI" true true false 35 Text 0 0 ,First,#,C:\arcgis\ArcTutor931\Network_Analyst\Exercise6\NetworkAnalysis.gdb\AnalysisObjects\Stores,POI,-1,-1;NOM "NOM" true true false 80 Text 0 0 ,First,#,C:\arcgis\ArcTutor931\Network_Analyst\Exercise6\NetworkAnalysis.gdb\AnalysisObjects\Stores,NOM,-1,-1" #</Process><Process Name="Does Projection Exists?" ToolSource="C:\1Shitij\Temp\If\IfSingle.tbx\DoesProjectionExists2" Date="20110412" Time="145848">DoesProjectionExists2 C:\1Shitij\Temp\If\ToolData\Paris.gdb\Analysis\Stores # C:\1Shitij\Temp\If\ToolData\A.shp</Process><Process Name="Does Projection Exists?" ToolSource="C:\1Shitij\Temp\If\IfSingle.tbx\DoesProjectionExists2" Date="20110412" Time="145902">DoesProjectionExists2 C:\1Shitij\Temp\If\ToolData\Paris.gdb\Analysis\Stores # C:\1Shitij\Temp\If\ToolData\Paris.gdb\Analysis\Stores</Process><Process Name="Does Projection Exists?" ToolSource="C:\1Shitij\Temp\If\IfSingle.tbx\DoesProjectionExists2" Date="20110412" Time="145936">DoesProjectionExists2 C:\1Shitij\Temp\If\ToolData\Paris.gdb\Analysis\Stores PROJCS['World_Eckert_I',GEOGCS['GCS_WGS_1984',DATUM['D_WGS_1984',SPHEROID['WGS_1984',6378137.0,298.257223563]],PRIMEM['Greenwich',0.0],UNIT['Degree',0.0174532925199433]],PROJECTION['Eckert_I'],PARAMETER['False_Easting',0.0],PARAMETER['False_Northing',0.0],PARAMETER['Central_Meridian',0.0],UNIT['Meter',1.0]] #</Process><Process ToolSource="c:\program files (x86)\arcgis\desktop10.1\ArcToolbox\Toolboxes\Data Management Tools.tbx\CopyFeatures" Date="20110427" Time="162028">CopyFeatures C:\1Shitij\Temp\If\ToolData\Paris.gdb\Analysis\Stores C:\1Shitij\UC\11\ToolData\Data\ParisAnalysis\Stores.shp # 0 0 0</Process></lineage><itemProps><itemName Sync="TRUE">Stores</itemName><imsContentType Sync="TRUE">002</imsContentType><itemLocation><linkage Sync="TRUE">file://\\SMEHTA\C$\1Shitij\UC\11\ToolData\Data\ParisAnalysis\Stores.shp</linkage><protocol Sync="TRUE">Local Area Network</protocol></itemLocation><itemSize Sync="TRUE">0.000</itemSize></itemProps><coordRef><type Sync="TRUE">Projected</type><geogcsn Sync="TRUE">GCS_NTF</geogcsn><projcsn Sync="TRUE">NTF_Lambert_II</projcsn><peXml Sync="TRUE">&lt;ProjectedCoordinateSystem xsi:type='typens:ProjectedCoordinateSystem' xmlns:xsi='http://www.w3.org/2001/XMLSchema-instance' xmlns:xs='http://www.w3.org/2001/XMLSchema' xmlns:typens='http://www.esri.com/schemas/ArcGIS/10.1'&gt;&lt;WKT&gt;PROJCS[&amp;quot;NTF_Lambert_II&amp;quot;,GEOGCS[&amp;quot;GCS_NTF&amp;quot;,DATUM[&amp;quot;D_NTF&amp;quot;,SPHEROID[&amp;quot;Clarke_1880_IGN&amp;quot;,6378249.2,293.46602]],PRIMEM[&amp;quot;Greenwich&amp;quot;,0.0],UNIT[&amp;quot;Degree&amp;quot;,0.0174532925199433]],PROJECTION[&amp;quot;Lambert_Conformal_Conic&amp;quot;],PARAMETER[&amp;quot;False_Easting&amp;quot;,600000.0],PARAMETER[&amp;quot;False_Northing&amp;quot;,2200000.0],PARAMETER[&amp;quot;Central_Meridian&amp;quot;,2.3372291667],PARAMETER[&amp;quot;Standard_Parallel_1&amp;quot;,45.8989188889],PARAMETER[&amp;quot;Standard_Parallel_2&amp;quot;,47.6960144444],PARAMETER[&amp;quot;Scale_Factor&amp;quot;,1.0],PARAMETER[&amp;quot;Latitude_Of_Origin&amp;quot;,46.8],UNIT[&amp;quot;Meter&amp;quot;,1.0]]&lt;/WKT&gt;&lt;XOrigin&gt;-35692100&lt;/XOrigin&gt;&lt;YOrigin&gt;-28092400&lt;/YOrigin&gt;&lt;XYScale&gt;124093111.92712726&lt;/XYScale&gt;&lt;ZOrigin&gt;-100000&lt;/ZOrigin&gt;&lt;ZScale&gt;10000&lt;/ZScale&gt;&lt;MOrigin&gt;-100000&lt;/MOrigin&gt;&lt;MScale&gt;10000&lt;/MScale&gt;&lt;XYTolerance&gt;0.001&lt;/XYTolerance&gt;&lt;ZTolerance&gt;0.001&lt;/ZTolerance&gt;&lt;MTolerance&gt;0.001&lt;/MTolerance&gt;&lt;HighPrecision&gt;true&lt;/HighPrecision&gt;&lt;/ProjectedCoordinateSystem&gt;</peXml><csUnits Sync="TRUE">Linear Unit: Meter (1.000000)</csUnits></coordRef></DataProperties><ArcGISFormat>1.0</ArcGISFormat></Esri><idinfo><citation><citeinfo><onlink Sync="TRUE">\\blaster\N\Tutorial_data\ArcGIS\Network_Analyst\Exercise6\NetworkAnalysis.gdb</onlink><origin>REQUIRED: The name of an organization or individual that developed the data set.</origin><pubdate>REQUIRED: The date when the data set is published or otherwise made available for release.</pubdate><title Sync="TRUE">Stores</title><ftname Sync="TRUE">Stores</ftname><geoform Sync="TRUE">vector digital data</geoform></citeinfo></citation><native Sync="TRUE">Microsoft Windows XP Version 5.1 (Build 2600) Service Pack 2; ESRI ArcCatalog 9.3.0.1629</native><descript><langdata Sync="TRUE">en</langdata><abstract>REQUIRED: A brief narrative summary of the data set.</abstract><purpose>REQUIRED: A summary of the intentions with which the data set was developed.</purpose></descript><timeperd><current>REQUIRED: The basis on which the time period of content information is determined.</current><timeinfo><sngdate><caldate>REQUIRED: The year (and optionally month, or month and day) for which the data set corresponds to the ground.</caldate></sngdate></timeinfo></timeperd><status><progress>REQUIRED: The state of the data set.</progress><update>REQUIRED: The frequency with which changes and additions are made to the data set after the initial data set is completed.</update></status><spdom><bounding><westbc Sync="TRUE">2.280067</westbc><eastbc Sync="TRUE">2.401308</eastbc><northbc Sync="TRUE">48.879172</northbc><southbc Sync="TRUE">48.820833</southbc></bounding><lboundng><leftbc Sync="TRUE">595804.721218</leftbc><rightbc Sync="TRUE">604702.910026</rightbc><bottombc Sync="TRUE">2424710.392869</bottombc><topbc Sync="TRUE">2431199.582779</topbc></lboundng></spdom><keywords><theme><themekt>REQUIRED: Reference to a formally registered thesaurus or a similar authoritative source of theme keywords.</themekt><themekey>REQUIRED: Common-use word or phrase used to describe the subject of the data set.</themekey></theme></keywords><accconst>REQUIRED: Restrictions and legal prerequisites for accessing the data set.</accconst><useconst>REQUIRED: Restrictions and legal prerequisites for using the data set after access is granted.</useconst><natvform Sync="TRUE">File Geodatabase Feature Class</natvform></idinfo><distInfo><distributor><distorTran><onLineSrc><linkage Sync="TRUE">file://\\blaster\N\Tutorial_data\ArcGIS\Network_Analyst\Exercise6\NetworkAnalysis.gdb</linkage><protocol Sync="TRUE">Local Area Network</protocol><orDesc Sync="TRUE">002</orDesc></onLineSrc><transSize Sync="TRUE">0.000</transSize></distorTran><distorFormat><formatName Sync="TRUE">File Geodatabase Feature Class</formatName></distorFormat></distributor><distFormat><formatName Sync="TRUE">Shapefile</formatName></distFormat><distTranOps><transSize Sync="TRUE">0.000</transSize></distTranOps></distInfo><dataqual><lineage><procstep><procdesc Sync="TRUE">Dataset copied.</procdesc><srcused Sync="TRUE">d:\esri_workspace\na\database\multimodal\gdbs\POI_Store</srcused><date Sync="TRUE">20030807</date><time Sync="TRUE">10282800</time></procstep><procstep><procdesc Sync="TRUE">Dataset copied.</procdesc><srcused Sync="TRUE"></srcused><date Sync="TRUE">20030807</date><time Sync="TRUE">10414000</time></procstep><procstep><procdesc Sync="TRUE">Dataset copied.</procdesc><srcused Sync="TRUE">\\DIJKSTRA\D$\NetworkAnalystDatasets\Paris\GDB-90-Prerelease\ParisStreetNoturns90Prerelease.mdb</srcused><date Sync="TRUE">20040429</date><time Sync="TRUE">23473400</time></procstep><procstep><procdesc Sync="TRUE">Dataset copied.</procdesc><srcused Sync="TRUE">\\DIJKSTRA\D$\NetworkAnalystDatasets\Paris\GDB-90-Final\ParisStreetNoTurns.mdb</srcused><date Sync="TRUE">20040512</date><time Sync="TRUE">16180000</time></procstep><procstep><procdesc Sync="TRUE">Dataset copied.</procdesc><srcused Sync="TRUE">\\CHANDRA\ParisData\ParisMultimodal.mdb</srcused><date Sync="TRUE">20040713</date><time Sync="TRUE">14260800</time></procstep><procstep><procdesc Sync="TRUE">Dataset copied.</procdesc><srcused Sync="TRUE">\\CHANDRASEKHAR\TutorialData\Paris\ParisMultimodal.mdb</srcused><date Sync="TRUE">20040805</date><time Sync="TRUE">10311600</time></procstep><procstep><procdesc Sync="TRUE">Dataset moved.</procdesc><srcused Sync="TRUE">E:\networkdocs\TutorialData\shapefiles\Stores</srcused><date Sync="TRUE">20041110</date><time Sync="TRUE">15494100</time></procstep><procstep><procdesc Sync="TRUE">Dataset copied.</procdesc><srcused Sync="TRUE">\\CHANDRASEKHAR\TutorialData\shapefiles\Paris.mdb</srcused><date Sync="TRUE">20041123</date><time Sync="TRUE">15470700</time></procstep><procstep><procdesc Sync="TRUE">Dataset copied.</procdesc><srcused Sync="TRUE">\\CHENAB\c_drive\temp\Exercise6\NetworkAnalysis.mdb</srcused><date Sync="TRUE">20060307</date><time Sync="TRUE">14321900</time></procstep></lineage></dataqual><dataIdInfo><envirDesc Sync="TRUE">Microsoft Windows Server 2008 R2 Version 6.1 (Build 7600) ; ESRI ArcGIS 10.1.0.2724</envirDesc><dataLang><languageCode Sync="TRUE" value="eng" country="USA"></languageCode><countryCode value="USA" Sync="TRUE"></countryCode></dataLang><idCitation><resTitle Sync="TRUE">Stores</resTitle><presForm><PresFormCd Sync="TRUE" value="005"></PresFormCd></presForm></idCitation><spatRpType><SpatRepTypCd Sync="TRUE" value="001"></SpatRepTypCd></spatRpType><dataExt><geoEle><GeoBndBox esriExtentType="native"><westBL Sync="TRUE">595804.721218</westBL><eastBL Sync="TRUE">604702.910026</eastBL><northBL Sync="TRUE">2431199.582779</northBL><southBL Sync="TRUE">2424710.392869</southBL><exTypeCode Sync="TRUE">1</exTypeCode></GeoBndBox></geoEle></dataExt><geoBox esriExtentType="decdegrees"><westBL Sync="TRUE">2.280067</westBL><eastBL Sync="TRUE">2.401308</eastBL><northBL Sync="TRUE">48.879172</northBL><southBL Sync="TRUE">48.820833</southBL><exTypeCode Sync="TRUE">1</exTypeCode></geoBox><descKeys><thesaName uuidref="723f6998-058e-11dc-8314-0800200c9a66"></thesaName><keyword Sync="TRUE">002</keyword></descKeys></dataIdInfo><metainfo><langmeta Sync="TRUE">en</langmeta><metstdn Sync="TRUE">FGDC Content Standards for Digital Geospatial Metadata</metstdn><metstdv Sync="TRUE">FGDC-STD-001-1998</metstdv><mettc Sync="TRUE">local time</mettc><metc><cntinfo><cntorgp><cntper>REQUIRED: The person responsible for the metadata information.</cntper><cntorg>REQUIRED: The organization responsible for the metadata information.</cntorg></cntorgp><cntaddr><addrtype>REQUIRED: The mailing and/or physical address for the organization or individual.</addrtype><city>REQUIRED: The city of the address.</city><state>REQUIRED: The state or province of the address.</state><postal>REQUIRED: The ZIP or other postal code of the address.</postal></cntaddr><cntvoice>REQUIRED: The telephone number by which individuals can speak to the organization or individual.</cntvoice></cntinfo></metc><metd Sync="TRUE">20071116</metd></metainfo><mdLang><languageCode Sync="TRUE" value="eng"></languageCode><countryCode value="USA" Sync="TRUE"></countryCode></mdLang><mdStanName Sync="TRUE">ISO 19115 Geographic Information - Metadata</mdStanName><mdStanVer Sync="TRUE">DIS_ESRI1.0</mdStanVer><mdChar><CharSetCd Sync="TRUE" value="004"></CharSetCd></mdChar><mdHrLv><ScopeCd Sync="TRUE" value="005"></ScopeCd></mdHrLv><mdHrLvName Sync="TRUE">dataset</mdHrLvName><distinfo><resdesc Sync="TRUE">Downloadable Data</resdesc><stdorder><digform><digtinfo><transize Sync="TRUE">0.000</transize><dssize Sync="TRUE">0.000</dssize></digtinfo></digform></stdorder></distinfo><spdoinfo><direct Sync="TRUE">Vector</direct><ptvctinf><esriterm><efeatyp Sync="TRUE">Simple</efeatyp><efeageom code="1" Sync="TRUE"></efeageom><esritopo Sync="TRUE">FALSE</esritopo><efeacnt Sync="TRUE">0</efeacnt><spindex Sync="TRUE">FALSE</spindex><linrefer Sync="TRUE">FALSE</linrefer></esriterm></ptvctinf></spdoinfo><spref><horizsys><cordsysn><geogcsn Sync="TRUE">GCS_NTF</geogcsn><projcsn Sync="TRUE">NTF_Lambert_II</projcsn></cordsysn><planar><planci><plance Sync="TRUE">coordinate pair</plance><plandu Sync="TRUE">meters</plandu><coordrep><absres Sync="TRUE">0.000000</absres><ordres Sync="TRUE">0.000000</ordres></coordrep></planci></planar><geodetic><horizdn Sync="TRUE">D_NTF</horizdn><ellips Sync="TRUE">Clarke_1880_IGN</ellips><semiaxis Sync="TRUE">6378249.200000</semiaxis><denflat Sync="TRUE">293.466020</denflat></geodetic></horizsys><vertdef><altsys><altenc Sync="TRUE">Explicit elevation coordinate included with horizontal coordinates</altenc><altres Sync="TRUE">0.000003</altres></altsys></vertdef></spref><refSysInfo><RefSystem><refSysID><identCode Sync="TRUE" code="0" value="0">NTF_Lambert_II</identCode></refSysID></RefSystem></refSysInfo><spatRepInfo><VectSpatRep><topLvl><TopoLevCd Sync="TRUE" value="001"></TopoLevCd></topLvl><geometObjs Name="Stores"><geoObjTyp><GeoObjTypCd Sync="TRUE" value="004"></GeoObjTypCd><geoObjCnt Sync="TRUE">0</geoObjCnt></geoObjTyp><geoObjCnt Sync="TRUE">0</geoObjCnt></geometObjs></VectSpatRep></spatRepInfo><eainfo><detailed Name="Stores"><attr><attrlabl Sync="TRUE">NOM</attrlabl><attalias Sync="TRUE">NOM</attalias><attrtype Sync="TRUE">String</attrtype><attwidth Sync="TRUE">80</attwidth><atprecis Sync="TRUE">0</atprecis><attscale Sync="TRUE">0</attscale></attr><attr><attrlabl Sync="TRUE">FID</attrlabl><attalias Sync="TRUE">FID</attalias><attrtype Sync="TRUE">OID</attrtype><attwidth Sync="TRUE">4</attwidth><atprecis Sync="TRUE">0</atprecis><attscale Sync="TRUE">0</attscale><attrdef Sync="TRUE">Internal feature number.</attrdef><attrdefs Sync="TRUE">ESRI</attrdefs><attrdomv><udom Sync="TRUE">Sequential unique whole numbers that are automatically generated.</udom></attrdomv></attr><enttyp><enttypl Sync="TRUE">Stores</enttypl><enttypt Sync="TRUE">Feature Class</enttypt><enttypc Sync="TRUE">0</enttypc></enttyp><attr><attrlabl Sync="TRUE">Shape</attrlabl><attalias Sync="TRUE">Shape</attalias><attrtype Sync="TRUE">Geometry</attrtype><attwidth Sync="TRUE">0</attwidth><atprecis Sync="TRUE">0</atprecis><attscale Sync="TRUE">0</attscale><attrdef Sync="TRUE">Feature geometry.</attrdef><attrdefs Sync="TRUE">ESRI</attrdefs><attrdomv><udom Sync="TRUE">Coordinates defining the features.</udom></attrdomv></attr><attr><attrlabl Sync="TRUE">POI</attrlabl><attalias Sync="TRUE">POI</attalias><attrtype Sync="TRUE">String</attrtype><attwidth Sync="TRUE">35</attwidth><atprecis Sync="TRUE">0</atprecis><attscale Sync="TRUE">0</attscale></attr></detailed></eainfo><mdDateSt Sync="TRUE">20110427</mdDateSt></metadata>
