<metadata xml:lang="en"><Esri><CreaDate>20100422</CreaDate><CreaTime>16463900</CreaTime><SyncOnce>FALSE</SyncOnce><SyncDate>20110427</SyncDate><SyncTime>16222400</SyncTime><ModDate>20110427</ModDate><ModTime>16222400</ModTime><DataProperties><lineage><Process Name="Clip_2" ToolSource="E:\Program Files\ArcGIS\ArcToolbox\Toolboxes\Analysis Tools.tbx\Clip" Date="20040805" Time="102152">Clip Metro_Lines Clip_Poly E:\networkdocs\TutorialData\Paris\ParisMultimodal.mdb\FDS_Demo\Metro_Demo_Clip #</Process><Process ToolSource="E:\Program Files\ArcGIS\ArcToolbox\Toolboxes\Data Management Tools.tbx\CopyFeatures" Date="20041110" Time="154817">CopyFeatures Y:\Multimodal_NDS\Paris\ParisMultimodal.mdb\FDS\Metrolines E:\networkdocs\TutorialData\shapefiles\Metrolines.shp # 0 0 0</Process><Process ToolSource="C:\Program Files\ArcGIS\ArcToolbox\Toolboxes\Data Management Tools.tbx\CopyFeatures" Date="20041123" Time="154009">CopyFeatures \\chandrasekhar\tutorialdata\shapefiles\FDS\Metrolines.shp \\chandrasekhar\tutorialdata\shapefiles\Paris.mdb\FDS\Metrolines # 0 0 0</Process><Process ToolSource="C:\Program Files (x86)\ArcGIS\Desktop10.0\ArcToolbox\Toolboxes\Conversion Tools.tbx\FeatureClassToFeatureClass" Date="20100405" Time="095906">FeatureClassToFeatureClass C:\arcgis\ArcTutor931\Network_Analyst\Exercise6\NetworkAnalysis.gdb\NetworkLayers\Metro_Lines C:\arcgis\ArcTutor931\Network_Analyst\Paris.gdb\Transportation Metro_Lines # "NAME "NAME" true true false 120 Text 0 0 ,First,#,C:\arcgis\ArcTutor931\Network_Analyst\Exercise6\NetworkAnalysis.gdb\NetworkLayers\Metro_Lines,NAME,-1,-1;INDICE "INDICE" true true false 8 Text 0 0 ,First,#,C:\arcgis\ArcTutor931\Network_Analyst\Exercise6\NetworkAnalysis.gdb\NetworkLayers\Metro_Lines,INDICE,-1,-1;ID_LINE "ID_LINE" true true false 2 Short 0 0 ,First,#,C:\arcgis\ArcTutor931\Network_Analyst\Exercise6\NetworkAnalysis.gdb\NetworkLayers\Metro_Lines,ID_LINE,-1,-1;TransitTim "TransitTim" true true false 8 Double 0 0 ,First,#,C:\arcgis\ArcTutor931\Network_Analyst\Exercise6\NetworkAnalysis.gdb\NetworkLayers\Metro_Lines,TransitTim,-1,-1;Meters "Meters" true true false 8 Double 0 0 ,First,#,C:\arcgis\ArcTutor931\Network_Analyst\Exercise6\NetworkAnalysis.gdb\NetworkLayers\Metro_Lines,Meters,-1,-1;Shape_Length "Shape_Length" false true true 8 Double 0 0 ,First,#,C:\arcgis\ArcTutor931\Network_Analyst\Exercise6\NetworkAnalysis.gdb\NetworkLayers\Metro_Lines,Shape_Length,-1,-1" #</Process><Process ToolSource="c:\program files (x86)\arcgis\desktop10.1\ArcToolbox\Toolboxes\Data Management Tools.tbx\CopyFeatures" Date="20110427" Time="162225">CopyFeatures C:\1Shitij\Temp\If\ToolData\Paris.gdb\Transportation\Metro_Lines C:\1Shitij\UC\11\ToolData\Data\ParisTransportation\Metro\Metro_Lines.shp # 0 0 0</Process></lineage><itemProps><itemName Sync="TRUE">Metro_Lines</itemName><imsContentType Sync="TRUE">002</imsContentType><itemLocation><linkage Sync="TRUE">file://\\SMEHTA\C$\1Shitij\UC\11\ToolData\Data\ParisTransportation\Metro\Metro_Lines.shp</linkage><protocol Sync="TRUE">Local Area Network</protocol></itemLocation><itemSize Sync="TRUE">0.000</itemSize></itemProps><coordRef><type Sync="TRUE">Projected</type><geogcsn Sync="TRUE">GCS_NTF</geogcsn><projcsn Sync="TRUE">NTF_Lambert_II</projcsn><peXml Sync="TRUE">&lt;ProjectedCoordinateSystem xsi:type='typens:ProjectedCoordinateSystem' xmlns:xsi='http://www.w3.org/2001/XMLSchema-instance' xmlns:xs='http://www.w3.org/2001/XMLSchema' xmlns:typens='http://www.esri.com/schemas/ArcGIS/10.1'&gt;&lt;WKT&gt;PROJCS[&amp;quot;NTF_Lambert_II&amp;quot;,GEOGCS[&amp;quot;GCS_NTF&amp;quot;,DATUM[&amp;quot;D_NTF&amp;quot;,SPHEROID[&amp;quot;Clarke_1880_IGN&amp;quot;,6378249.2,293.46602]],PRIMEM[&amp;quot;Greenwich&amp;quot;,0.0],UNIT[&amp;quot;Degree&amp;quot;,0.0174532925199433]],PROJECTION[&amp;quot;Lambert_Conformal_Conic&amp;quot;],PARAMETER[&amp;quot;False_Easting&amp;quot;,600000.0],PARAMETER[&amp;quot;False_Northing&amp;quot;,2200000.0],PARAMETER[&amp;quot;Central_Meridian&amp;quot;,2.3372291667],PARAMETER[&amp;quot;Standard_Parallel_1&amp;quot;,45.8989188889],PARAMETER[&amp;quot;Standard_Parallel_2&amp;quot;,47.6960144444],PARAMETER[&amp;quot;Scale_Factor&amp;quot;,1.0],PARAMETER[&amp;quot;Latitude_Of_Origin&amp;quot;,46.8],UNIT[&amp;quot;Meter&amp;quot;,1.0]]&lt;/WKT&gt;&lt;XOrigin&gt;-35692100&lt;/XOrigin&gt;&lt;YOrigin&gt;-28092400&lt;/YOrigin&gt;&lt;XYScale&gt;124093111.92712726&lt;/XYScale&gt;&lt;ZOrigin&gt;-100000&lt;/ZOrigin&gt;&lt;ZScale&gt;10000&lt;/ZScale&gt;&lt;MOrigin&gt;-100000&lt;/MOrigin&gt;&lt;MScale&gt;10000&lt;/MScale&gt;&lt;XYTolerance&gt;0.001&lt;/XYTolerance&gt;&lt;ZTolerance&gt;0.001&lt;/ZTolerance&gt;&lt;MTolerance&gt;0.001&lt;/MTolerance&gt;&lt;HighPrecision&gt;true&lt;/HighPrecision&gt;&lt;/ProjectedCoordinateSystem&gt;</peXml><csUnits Sync="TRUE">Linear Unit: Meter (1.000000)</csUnits></coordRef></DataProperties><ArcGISFormat>1.0</ArcGISFormat></Esri><idinfo><citation><citeinfo><onlink Sync="TRUE">\\blaster\n\Tutorial_data\ArcGIS\Network_Analyst\Exercise6\NetworkAnalysis.gdb</onlink><origin>RATP</origin><pubdate>REQUIRED: The date when the data set is published or otherwise made available for release.</pubdate><title Sync="TRUE">Metro_Lines</title><ftname Sync="TRUE">Metro_Lines</ftname><geoform Sync="TRUE">vector digital data</geoform></citeinfo></citation><native Sync="TRUE">Microsoft Windows XP Version 5.1 (Build 2600) Service Pack 2; ESRI ArcCatalog 9.2.0.1185</native><descript><langdata Sync="TRUE">en</langdata><abstract>REQUIRED: A brief narrative summary of the data set.</abstract><purpose>REQUIRED: A summary of the intentions with which the data set was developed.</purpose></descript><timeperd><current>REQUIRED: The basis on which the time period of content information is determined.</current><timeinfo><sngdate><caldate>REQUIRED: The year (and optionally month, or month and day) for which the data set corresponds to the ground.</caldate></sngdate></timeinfo></timeperd><status><progress>REQUIRED: The state of the data set.</progress><update>REQUIRED: The frequency with which changes and additions are made to the data set after the initial data set is completed.</update></status><spdom><bounding><westbc Sync="TRUE">2.275565</westbc><eastbc Sync="TRUE">2.416097</eastbc><northbc Sync="TRUE">48.898040</northbc><southbc Sync="TRUE">48.822861</southbc></bounding><lboundng><leftbc Sync="TRUE">595476.000322</leftbc><rightbc Sync="TRUE">605786.171227</rightbc><bottombc Sync="TRUE">2424936.999989</bottombc><topbc Sync="TRUE">2433298.999853</topbc></lboundng></spdom><keywords><theme><themekt>REQUIRED: Reference to a formally registered thesaurus or a similar authoritative source of theme keywords.</themekt><themekey>REQUIRED: Common-use word or phrase used to describe the subject of the data set.</themekey></theme></keywords><accconst>Access granted to Licensee only.</accconst><useconst>See the ESRI License Agreement for Disclaimer of Warranties and Limitation on Liabilities with respect to the sample data contained herein. The sample data is the intellectual property of the respective data provider(s) and is used herein with permission. All rights not granted herein are reserved. The sample data may only be used for the licensee's own internal use only. For further redistribution rights please contact the data provider(s) directly with the contact information provided in this metadata.</useconst><natvform Sync="TRUE">File Geodatabase Feature Class</natvform><datacred>Copyright © 2006 RATP All rights reserved.</datacred></idinfo><distInfo><distributor><distorTran><onLineSrc><linkage Sync="TRUE">file://\\blaster\n\Tutorial_data\ArcGIS\Network_Analyst\Exercise6\NetworkAnalysis.gdb</linkage><protocol Sync="TRUE">Local Area Network</protocol><orDesc Sync="TRUE">002</orDesc></onLineSrc><transSize Sync="TRUE">0.000</transSize></distorTran><distorFormat><formatName Sync="TRUE">File Geodatabase Feature Class</formatName></distorFormat></distributor><distFormat><formatName Sync="TRUE">Shapefile</formatName></distFormat><distTranOps><transSize Sync="TRUE">0.000</transSize></distTranOps></distInfo><dataqual><lineage><procstep><procdesc Sync="TRUE">Dataset copied.</procdesc><srcused Sync="TRUE">d:\esri_workspace\na\database\multimodal\gdbs\Metro_Lines_Demo</srcused><date Sync="TRUE">20030807</date><time Sync="TRUE">10282700</time></procstep><procstep><procdesc Sync="TRUE">Dataset copied.</procdesc><srcused Sync="TRUE"></srcused><date Sync="TRUE">20030807</date><time Sync="TRUE">10413500</time></procstep><procstep><procdesc Sync="TRUE">Dataset copied.</procdesc><srcused Sync="TRUE">\\DIJKSTRA\D$\NetworkAnalystDatasets\Paris\GDB-90-Prerelease\ParisStreetNoturns90Prerelease.mdb</srcused><date Sync="TRUE">20040429</date><time Sync="TRUE">23473100</time></procstep><procstep><procdesc Sync="TRUE">Dataset copied.</procdesc><srcused Sync="TRUE">\\DIJKSTRA\D$\NetworkAnalystDatasets\Paris\GDB-90-Final\ParisStreetNoTurns.mdb</srcused><date Sync="TRUE">20040512</date><time Sync="TRUE">16175800</time></procstep><procstep><procdesc Sync="TRUE">Dataset copied.</procdesc><srcused Sync="TRUE">\\CHANDRA\ParisData\ParisMultimodal.mdb</srcused><date Sync="TRUE">20040713</date><time Sync="TRUE">14260500</time></procstep><procstep><procdesc Sync="TRUE">Dataset moved.</procdesc><srcused Sync="TRUE">E:\networkdocs\TutorialData\shapefiles\Metrolines</srcused><date Sync="TRUE">20041110</date><time Sync="TRUE">15494100</time></procstep><procstep><procdesc Sync="TRUE">Dataset copied.</procdesc><srcused Sync="TRUE">\\CHANDRASEKHAR\TutorialData\shapefiles\Paris.mdb</srcused><date Sync="TRUE">20041123</date><time Sync="TRUE">15473300</time></procstep><procstep><procdesc Sync="TRUE">Dataset copied.</procdesc><srcused Sync="TRUE">\\CHENAB\c_drive\temp\Exercise6\NetworkAnalysis.mdb</srcused><date Sync="TRUE">20060307</date><time Sync="TRUE">14325900</time></procstep></lineage></dataqual><dataIdInfo><envirDesc Sync="TRUE">Microsoft Windows Server 2008 R2 Version 6.1 (Build 7600) ; ESRI ArcGIS 10.1.0.2724</envirDesc><dataLang><languageCode Sync="TRUE" value="eng" country="USA"></languageCode><countryCode value="USA" Sync="TRUE"></countryCode></dataLang><idCitation><resTitle Sync="TRUE">Metro_Lines</resTitle><presForm><PresFormCd Sync="TRUE" value="005"></PresFormCd></presForm></idCitation><spatRpType><SpatRepTypCd Sync="TRUE" value="001"></SpatRepTypCd></spatRpType><dataExt><geoEle><GeoBndBox esriExtentType="native"><westBL Sync="TRUE">595476.000322</westBL><eastBL Sync="TRUE">605786.171227</eastBL><northBL Sync="TRUE">2433298.999853</northBL><southBL Sync="TRUE">2424936.999989</southBL><exTypeCode Sync="TRUE">1</exTypeCode></GeoBndBox></geoEle></dataExt><geoBox esriExtentType="decdegrees"><westBL Sync="TRUE">2.275565</westBL><eastBL Sync="TRUE">2.416097</eastBL><northBL Sync="TRUE">48.89804</northBL><southBL Sync="TRUE">48.822861</southBL><exTypeCode Sync="TRUE">1</exTypeCode></geoBox><descKeys><thesaName uuidref="723f6998-058e-11dc-8314-0800200c9a66"></thesaName><keyword Sync="TRUE">002</keyword></descKeys></dataIdInfo><metainfo><langmeta Sync="TRUE">en</langmeta><metstdn Sync="TRUE">FGDC Content Standards for Digital Geospatial Metadata</metstdn><metstdv Sync="TRUE">FGDC-STD-001-1998</metstdv><mettc Sync="TRUE">local time</mettc><metc><cntinfo><cntorgp><cntper>REQUIRED: The person responsible for the metadata information.</cntper><cntorg>REQUIRED: The organization responsible for the metadata information.</cntorg></cntorgp><cntaddr><addrtype>REQUIRED: The mailing and/or physical address for the organization or individual.</addrtype><city>REQUIRED: The city of the address.</city><state>REQUIRED: The state or province of the address.</state><postal>REQUIRED: The ZIP or other postal code of the address.</postal></cntaddr><cntvoice>REQUIRED: The telephone number by which individuals can speak to the organization or individual.</cntvoice></cntinfo></metc><metd Sync="TRUE">20060508</metd></metainfo><mdLang><languageCode Sync="TRUE" value="eng"></languageCode><countryCode value="USA" Sync="TRUE"></countryCode></mdLang><mdStanName Sync="TRUE">ISO 19115 Geographic Information - Metadata</mdStanName><mdStanVer Sync="TRUE">DIS_ESRI1.0</mdStanVer><mdChar><CharSetCd Sync="TRUE" value="004"></CharSetCd></mdChar><mdHrLv><ScopeCd Sync="TRUE" value="005"></ScopeCd></mdHrLv><mdHrLvName Sync="TRUE">dataset</mdHrLvName><distinfo><resdesc Sync="TRUE">Downloadable Data</resdesc><stdorder><digform><digtinfo><transize Sync="TRUE">0.000</transize><dssize Sync="TRUE">0.000</dssize></digtinfo></digform></stdorder></distinfo><spdoinfo><direct Sync="TRUE">Vector</direct><ptvctinf><esriterm><efeatyp Sync="TRUE">Simple</efeatyp><efeageom code="3" Sync="TRUE"></efeageom><esritopo Sync="TRUE">FALSE</esritopo><efeacnt Sync="TRUE">0</efeacnt><spindex Sync="TRUE">FALSE</spindex><linrefer Sync="TRUE">FALSE</linrefer></esriterm></ptvctinf></spdoinfo><spref><horizsys><cordsysn><geogcsn Sync="TRUE">GCS_NTF</geogcsn><projcsn Sync="TRUE">NTF_Lambert_II</projcsn></cordsysn><planar><planci><plance Sync="TRUE">coordinate pair</plance><plandu Sync="TRUE">meters</plandu><coordrep><absres Sync="TRUE">0.000000</absres><ordres Sync="TRUE">0.000000</ordres></coordrep></planci></planar><geodetic><horizdn Sync="TRUE">D_NTF</horizdn><ellips Sync="TRUE">Clarke_1880_IGN</ellips><semiaxis Sync="TRUE">6378249.200000</semiaxis><denflat Sync="TRUE">293.466020</denflat></geodetic></horizsys><vertdef><altsys><altenc Sync="TRUE">Explicit elevation coordinate included with horizontal coordinates</altenc><altres Sync="TRUE">0.000003</altres></altsys></vertdef></spref><refSysInfo><RefSystem><refSysID><identCode Sync="TRUE" code="0" value="0">NTF_Lambert_II</identCode></refSysID></RefSystem></refSysInfo><spatRepInfo><VectSpatRep><topLvl><TopoLevCd Sync="TRUE" value="001"></TopoLevCd></topLvl><geometObjs Name="Metro_Lines"><geoObjTyp><GeoObjTypCd Sync="TRUE" value="002"></GeoObjTypCd><geoObjCnt Sync="TRUE">0</geoObjCnt></geoObjTyp><geoObjCnt Sync="TRUE">0</geoObjCnt></geometObjs></VectSpatRep></spatRepInfo><eainfo><detailed Name="Metro_Lines"><attr><attrlabl Sync="TRUE">Meters</attrlabl><attalias Sync="TRUE">Meters</attalias><attrtype Sync="TRUE">Double</attrtype><attwidth Sync="TRUE">19</attwidth><atprecis Sync="TRUE">0</atprecis><attscale Sync="TRUE">0</attscale></attr><attr><attrlabl Sync="TRUE">FID</attrlabl><attalias Sync="TRUE">FID</attalias><attrtype Sync="TRUE">OID</attrtype><attwidth Sync="TRUE">4</attwidth><atprecis Sync="TRUE">0</atprecis><attscale Sync="TRUE">0</attscale><attrdef Sync="TRUE">Internal feature number.</attrdef><attrdefs Sync="TRUE">ESRI</attrdefs><attrdomv><udom Sync="TRUE">Sequential unique whole numbers that are automatically generated.</udom></attrdomv></attr><enttyp><enttypl Sync="TRUE">Metro_Lines</enttypl><enttypt Sync="TRUE">Feature Class</enttypt><enttypc Sync="TRUE">0</enttypc></enttyp><attr><attrlabl Sync="TRUE">Shape</attrlabl><attalias Sync="TRUE">Shape</attalias><attrtype Sync="TRUE">Geometry</attrtype><attwidth Sync="TRUE">0</attwidth><atprecis Sync="TRUE">0</atprecis><attscale Sync="TRUE">0</attscale><attrdef Sync="TRUE">Feature geometry.</attrdef><attrdefs Sync="TRUE">ESRI</attrdefs><attrdomv><udom Sync="TRUE">Coordinates defining the features.</udom></attrdomv></attr><attr><attrlabl Sync="TRUE">NAME</attrlabl><attalias Sync="TRUE">NAME</attalias><attrtype Sync="TRUE">String</attrtype><attwidth Sync="TRUE">120</attwidth><atprecis Sync="TRUE">0</atprecis><attscale Sync="TRUE">0</attscale></attr><attr><attrlabl Sync="TRUE">INDICE</attrlabl><attalias Sync="TRUE">INDICE</attalias><attrtype Sync="TRUE">String</attrtype><attwidth Sync="TRUE">8</attwidth><atprecis Sync="TRUE">0</atprecis><attscale Sync="TRUE">0</attscale></attr><attr><attrlabl Sync="TRUE">ID_LINE</attrlabl><attalias Sync="TRUE">ID_LINE</attalias><attrtype Sync="TRUE">SmallInteger</attrtype><attwidth Sync="TRUE">4</attwidth><atprecis Sync="TRUE">4</atprecis><attscale Sync="TRUE">0</attscale></attr><attr><attrlabl Sync="TRUE">TransitTim</attrlabl><attalias Sync="TRUE">TransitTim</attalias><attrtype Sync="TRUE">Double</attrtype><attwidth Sync="TRUE">19</attwidth><atprecis Sync="TRUE">0</atprecis><attscale Sync="TRUE">0</attscale></attr><attr><attrlabl Sync="TRUE">Shape_Leng</attrlabl><attalias Sync="TRUE">Shape_Leng</attalias><attrtype Sync="TRUE">Double</attrtype><attwidth Sync="TRUE">19</attwidth><atprecis Sync="TRUE">0</atprecis><attscale Sync="TRUE">0</attscale></attr></detailed></eainfo><mdDateSt Sync="TRUE">20110427</mdDateSt></metadata>
